<?xml version="1.0" encoding="UTF-8"?>
<MiddlewareConfig xmlns:iso="urn:iso:std:iso-iec:24727:tech:schema">

    <MiddlewareSpec required="false">

        <MiddlewareName>OpenSC</MiddlewareName>

		<LibSpec>
			<LibName>opensc-pkcs11</LibName>
			<SearchPath>/usr/lib/pkcs11</SearchPath>
		</LibSpec>
		<LibSpec os="Linux">
			<LibName>opensc-pkcs11.so</LibName>
			<SearchPath>/usr/lib/pkcs11</SearchPath>
			<X32SearchPath>/usr/lib/i386-linux-gnu</X32SearchPath>
			<X32SearchPath>/usr/lib/i386-linux-gnu/pkcs11</X32SearchPath>
			<X64SearchPath>/usr/lib/x86_64-linux-gnu</X64SearchPath>
			<X64SearchPath>/usr/lib/x86_64-linux-gnu/pkcs11</X64SearchPath>
		</LibSpec>

        <CardConfig>
            <CardSpec>
                <MiddlewareName>cv cryptovision gmbh (c) v1.0n_PKCS#15</MiddlewareName>
                <iso:ObjectIdentifier>http://opencard.org/cif/rub-card</iso:ObjectIdentifier>
                <iso:CardTypeName xml:lang="en">RUB Card</iso:CardTypeName>
                <iso:CardTypeName xml:lang="de">RUB Card</iso:CardTypeName>
                <iso:Version>
                    <iso:Major>1</iso:Major>
                    <iso:Minor>0</iso:Minor>
                    <iso:SubMinor>0</iso:SubMinor>
                </iso:Version>
                <iso:Status>Final</iso:Status>
                <iso:Date>2017-08-28</iso:Date>
				<ATR>3BD21802C10A31FE58C80D51</ATR>
                <CardImage>rub-card.jpg</CardImage>
            </CardSpec>
        </CardConfig>

    </MiddlewareSpec>


    <MiddlewareSpec required="false">

        <MiddlewareName>LuxTrust</MiddlewareName>

		<LibSpec>
			<LibName>gclib</LibName>
			<SearchPath>/usr/lib/ClassicClient</SearchPath>
			<SearchPath>/usr/lib/pkcs11</SearchPath>
			<SearchPath>/usr/local/lib/ClassicClient</SearchPath>
			<X32SearchPath>C:\Program Files (x86)\Gemalto\Classic Client\BIN</X32SearchPath>
			<X64SearchPath>C:\Program Files\Gemalto\Classic Client\BIN</X64SearchPath>
		</LibSpec>
		
        <CardConfig>
            <CardSpec>
                <MiddlewareName>Gemalto S.A._Classic V3</MiddlewareName>
                <iso:ObjectIdentifier>http://luxtrust.lu/cif/LuxTrust-V3</iso:ObjectIdentifier>
                <iso:CardTypeName xml:lang="en">LuxTrust V3</iso:CardTypeName>
                <iso:CardTypeName xml:lang="de">LuxTrust V3</iso:CardTypeName>
                <iso:CardTypeName xml:lang="fr">LuxTrust V3</iso:CardTypeName>
                <iso:Version>
                    <iso:Major>3</iso:Major>
                    <iso:Minor>0</iso:Minor>
                    <iso:SubMinor>0</iso:SubMinor>
                </iso:Version>
                <iso:Status>Final</iso:Status>
                <iso:Date>2016-02-16</iso:Date>
                <ATR>3B7D94000080318065B0831100C883009000</ATR>
                <CardImage>luxtrust-v3.jpg</CardImage>
            </CardSpec>

            <CardSpec>
                <MiddlewareName>Gemalto S.A._Classic V4</MiddlewareName>
                <iso:ObjectIdentifier>http://public.lu/cif/Lux-eID</iso:ObjectIdentifier>
                <iso:CardTypeName xml:lang="en">Luxembourg Identity Card</iso:CardTypeName>
                <iso:CardTypeName xml:lang="de">Luxemburgischer Personalausweis</iso:CardTypeName>
                <iso:CardTypeName xml:lang="fr">Carte d'identité Luxembourgeoise</iso:CardTypeName>
        		<iso:Version>
        			<iso:Major>1</iso:Major>
        			<iso:Minor>0</iso:Minor>
        			<iso:SubMinor>0</iso:SubMinor>
        		</iso:Version>
        		<iso:Status>Final</iso:Status>
        		<iso:Date>2016-03-16</iso:Date>
                <ATR>3B8F800180318065B0850300EF120FFF82900073</ATR>
                <CardImage>Lux-eID.jpg</CardImage>
            </CardSpec>
        </CardConfig>

    </MiddlewareSpec>

</MiddlewareConfig>
