<?xml version="1.0" encoding="UTF-8"?>
<MiddlewareConfig xmlns:iso="urn:iso:std:iso-iec:24727:tech:schema">

    <MiddlewareSpec required="false">

        <MiddlewareName>LuxTrust</MiddlewareName>

        <LibName>gclib</LibName>
        <SearchPath>/usr/lib/ClassicClient</SearchPath>
        <SearchPath>/usr/lib/pkcs11</SearchPath>
        <SearchPath>/usr/local/lib/ClassicClient</SearchPath>
        <X32SearchPath>C:\Program Files (x86)\Gemalto\Classic Client\BIN</X32SearchPath>
        <x64SearchPath>C:\Program Files\Gemalto\Classic Client\BIN</x64SearchPath>

        <CardConfig>
            <CardSpec>
                <MiddlewareName>Gemalto S.A._Classic V3</MiddlewareName>
                <iso:ObjectIdentifier>http://luxtrust.lu/cif/LuxTrust-V3</iso:ObjectIdentifier>
                <iso:CardTypeName xml:lang="en">LuxTrust V3</iso:CardTypeName>
                <iso:CardTypeName xml:lang="de">LuxTrust V3</iso:CardTypeName>
                <iso:CardTypeName xml:lang="fr">LuxTrust V3</iso:CardTypeName>
                <iso:Version>
                    <iso:Major>3</iso:Major>
                    <iso:Minor>0</iso:Minor>
                    <iso:SubMinor>0</iso:SubMinor>
                </iso:Version>
                <iso:Status>Final</iso:Status>
                <iso:Date>2016-02-16</iso:Date>
                <ATR>3B7D94000080318065B0831100C883009000</ATR>
                <CardImage>luxtrustv3.png</CardImage>
            </CardSpec>

            <CardSpec>
                <MiddlewareName>Gemalto S.A._Classic V4</MiddlewareName>
                <iso:ObjectIdentifier>http://public.lu/cif/Lux-eID</iso:ObjectIdentifier>
                <iso:CardTypeName xml:lang="en">Luxembourg Identity Card</iso:CardTypeName>
                <iso:CardTypeName xml:lang="de">Luxemburgischer Personalausweis</iso:CardTypeName>
                <iso:CardTypeName xml:lang="fr">Carte d'identité Luxembourgeoise</iso:CardTypeName>
        		<iso:Version>
        			<iso:Major>1</iso:Major>
        			<iso:Minor>0</iso:Minor>
        			<iso:SubMinor>0</iso:SubMinor>
        		</iso:Version>
        		<iso:Status>Final</iso:Status>
        		<iso:Date>2016-03-16</iso:Date>
                <ATR>3B8F800180318065B0850300EF120FFF82900073</ATR>
                <CardImage>Lux-eID.png</CardImage>
            </CardSpec>
        </CardConfig>

    </MiddlewareSpec>

</MiddlewareConfig>
